{"cameraMode":{"drawMode":1,"name":"Wireframe","section":"Shading Mode"},"sceneLighting":true,"audioPlay":false,"sceneViewState":{"showFog":true,"showMaterialUpdate":true,"showSkybox":true,"showFlares":true,"showImageEffects":true,"showParticleSystems":true,"showVisualEffectGraphs":true,"m_FxEnabled":true},"in2DMode":false,"pivot":{"x":0.045689184218645099,"y":-0.37414953112602236,"z":-0.09868373721837998},"rotation":{"x":-0.2028878927230835,"y":0.7503793835639954,"z":0.5695046782493591,"w":0.26741206645965578},"size":0.16997724771499635,"orthographic":false}